,품목 그룹코드,품목 그룹명,품목코드,품목 명,품종코드,품종명,산지출하단위,산지출하단위크기,도매출하단위,도매출하단위 크기,소매출하단위,소매출하단위 크기,친환경농산물출하단위,친환경농산물출하단위크기,일반 등급,친환경 등급
,100,식량작물,111,쌀,01,일반계,kg,80,kg,20,kg,20,kg,20,"04,05","07,08,09"
,100,식량작물,111,쌀,05,햇일반계,kg,80,kg,20,kg,20,,,"04,05",
,100,식량작물,112,찹쌀,01,일반계,,,kg,40,kg,1,,,"04,05",
,100,식량작물,141,콩,01,백태(국산),kg,40,kg,35,g,500,,,"04,05",
,100,식량작물,141,콩,02,콩나물콩,kg,40,kg,35,,,,,"04,05",
,100,식량작물,141,콩,03,백태(수입),,,kg,35,,,,,"04,05",
,100,식량작물,142,팥,00,적두(국산),,,kg,40,g,500,,,"04,05",
,100,식량작물,142,팥,01,적두(수입),,,kg,40,,,,,05,
,100,식량작물,143,녹두,00,국산,,,kg,40,kg,1,,,"04,05",
,100,식량작물,143,녹두,01,수입,,,kg,40,,,,,05,
,100,식량작물,144,메밀,01,메밀(수입),,,kg,1,,,,,05,
,100,식량작물,151,고구마,00,밤,kg,20,kg,10,kg,1,kg,1,"04,05","07,08,09"
,100,식량작물,152,감자,00,감자,kg,20,kg,20,kg,1,,,"04,05",
,100,식량작물,152,감자,01,수미,,,kg,20,g,100,g,100,"04,05","07,08,09"
,100,식량작물,152,감자,02,대지마,,,kg,20,g,100,,,"04,05",
,200,채소류,211,배추,01,봄,kg,1,kg,1,포기,1,포기,1,"04,05","07,08,09"
,200,채소류,211,배추,02,고랭지,kg,1,kg,1,포기,1,,,"04,05",
,200,채소류,211,배추,03,가을,kg,1,kg,1,포기,1,,,"04,05",
,200,채소류,211,배추,06,월동,kg,1,kg,1,포기,1,,,"04,05",
,200,채소류,212,양배추,00,양배추,,,kg,10,포기,1,포기,1,"04,05","07,08,09"
,200,채소류,213,시금치,00,시금치,,,kg,4,kg,1,kg,1,"04,05","07,08,09"
,200,채소류,214,상추,01,적,,,kg,4,g,100,g,100,"04,05","07,08,09"
,200,채소류,214,상추,02,청,,,kg,4,g,100,g,100,"04,05","07,08,09"
,200,채소류,215,얼갈이배추,00,얼갈이배추,,,kg,1,kg,1,,,"04,05",
,200,채소류,216,갓,00,갓,,,,,kg,2.6,,,04,
,200,채소류,221,수박,00,수박,,,개,1,개,1,,,"04,05",
,200,채소류,222,참외,00,참외,,,kg,10,개,10,개,10,"04,05","07,08,09"
,200,채소류,223,오이,01,가시계통,,,kg,10,개,10,개,10,"04,05","07,08,09"
,200,채소류,223,오이,02,다다기계통,,,kg,10,개,10,개,10,"04,05","07,08,09"
,200,채소류,223,오이,03,취청,,,kg,10,개,10,개,10,"04,05","07,08,09"
,200,채소류,224,호박,01,애호박,,,kg,8,개,1,개,1,"04,05","07,08,09"
,200,채소류,224,호박,02,쥬키니,,,kg,10,개,1,,,"04,05",
,200,채소류,225,토마토,00,토마토,,,kg,10,kg,1,kg,1,"04,05","07,08,09"
,200,채소류,226,딸기,00,딸기,,,kg,1,g,100,g,100,"04,05","07,08,09"
,200,채소류,231,무,01,봄,kg,1,kg,20,개,1,개,1,"04,05","07,08,09"
,200,채소류,231,무,02,고랭지,kg,1,kg,20,개,1,,,"04,05",
,200,채소류,231,무,03,가을,kg,1,kg,20,개,1,,,"04,05",
,200,채소류,231,무,06,월동,kg,1,kg,20,개,1,,,"04,05",
,200,채소류,232,당근,00,당근,,,kg,20,kg,1,,,"04,05",
,200,채소류,232,당근,01,무세척,,,kg,20,kg,1,kg,1,"04,05","07,08,09"
,200,채소류,232,당근,02,세척,,,kg,20,kg,1,kg,1,"04,05","07,08,09"
,200,채소류,232,당근,10,세척(수입),,,kg,20,,,,,05,
,200,채소류,233,열무,00,열무,,,kg,1,kg,1,,,"04,05",
,200,채소류,241,건고추,00,화건,g,600,kg,60,g,600,,,"04,05",
,200,채소류,241,건고추,01,햇산화건,g,600,kg,60,g,600,,,"04,05",
,200,채소류,241,건고추,02,양건,g,600,kg,60,g,600,,,"04,05",
,200,채소류,241,건고추,03,햇산양건,g,600,kg,60,g,600,,,"04,05",
,200,채소류,241,건고추,10,수입,,,kg,1,,,,,05,
,200,채소류,241,건고추,90,국산(화건),,,,,g,100,,,,
,200,채소류,241,건고추,99,수입(중국),,,,,g,100,,,,
,200,채소류,242,풋고추,00,풋고추,kg,1,kg,10,g,100,g,100,"04,05","07,08,09"
,200,채소류,242,풋고추,02,꽈리고추,,,kg,4,g,100,g,100,"04,05","07,08,09"
,200,채소류,242,풋고추,03,청양고추,,,kg,10,g,100,,,"04,05",
,200,채소류,243,붉은고추,00,붉은고추,kg,1,kg,10,g,100,,,"04,05",
,200,채소류,244,마늘,01,한지1접,접,1,접,1,,,,,"04,05",
,200,채소류,244,마늘,02,난지1접,접,1,접,1,kg,1,,,"04,05",
,200,채소류,244,마늘,03,한지kg,kg,1,kg,10,,,,,"04,05",
,200,채소류,244,마늘,04,난지㎏,kg,1,kg,10,,,,,"04,05",
,200,채소류,244,마늘,05,깐마늘,,,kg,20,kg,1,,,"04,05",
,200,채소류,244,마늘,06,햇한지1접,접,1,접,1,,,,,"04,05",
,200,채소류,244,마늘,07,햇난지1접,접,1,접,1,,,,,"04,05",
,200,채소류,244,마늘,08,쪽마늘,,,,,kg,1,,,"04,05",
,200,채소류,244,마늘,09,깐마늘(수입),,,kg,20,,,,,"04,05",
,200,채소류,244,마늘,10,수입,,,kg,1,,,,,05,
,200,채소류,245,양파,00,양파,kg,1,kg,20,kg,1,kg,1,"04,05","07,08,09"
,200,채소류,245,양파,02,햇양파,,,kg,20,kg,1,kg,1,"04,05","07,08,09"
,200,채소류,245,양파,10,수입,,,kg,20,kg,1,,,05,
,200,채소류,246,파,00,대파,,,kg,1,kg,1,kg,1,"04,05","07,08,09"
,200,채소류,246,파,02,쪽파,,,kg,1,kg,1,kg,1,"04,05","07,08,09"
,200,채소류,247,생강,00,국산,,,kg,20,kg,1,,,"04,05",
,200,채소류,247,생강,01,수입,,,kg,1,,,,,05,
,200,채소류,248,고춧가루,00,국산,,,,,kg,1.86,,,04,
,200,채소류,248,고춧가루,01,중국,,,,,kg,1.86,,,04,
,200,채소류,252,미나리,00,미나리,,,kg,20,kg,1,kg,1,"04,05","07,08,09"
,200,채소류,253,깻잎,00,깻잎,,,kg,2,g,200,g,200,"04,05","07,08,09"
,200,채소류,255,피망,00,청,,,kg,10,g,100,g,100,"04,05","07,08,09"
,200,채소류,256,파프리카,00,파프리카,,,kg,5,g,200,g,200,"04,05","07,08,09"
,200,채소류,257,멜론,00,멜론,,,kg,8,개,1,,,"04,05",
,200,채소류,422,방울토마토,01,국산,,,kg,5,kg,1,kg,1,"04,05","07,08,09"
,300,특용작물,312,참깨,01,백색(국산),kg,40,kg,30,g,500,,,"04,05",
,300,특용작물,312,참깨,02,중국,kg,40,kg,30,g,500,,,05,
,300,특용작물,312,참깨,03,인도,kg,40,kg,30,g,500,,,05,
,300,특용작물,313,들깨,01,국산,,,kg,45,,,,,"04,05",
,300,특용작물,313,들깨,02,수입,,,kg,45,,,,,05,
,300,특용작물,314,땅콩,01,국산,kg,40,kg,30,g,100,,,"04,05",
,300,특용작물,314,땅콩,02,수입,,,kg,30,g,100,,,05,
,300,특용작물,315,느타리버섯,00,느타리버섯,,,kg,2,g,100,,,"04,05",
,300,특용작물,316,팽이버섯,00,팽이버섯,,,kg,5,g,150,g,100,"04,05","07,08,09"
,300,특용작물,317,새송이버섯,00,새송이버섯,,,kg,2,g,100,,,"04,05",
,300,특용작물,318,호두,00,수입,,,,,g,100,,,05,
,300,특용작물,319,아몬드,00,수입,,,,,g,100,,,05,
,400,과일류,411,사과,01,홍옥,kg,15,kg,10,개,10,,,"04,05",
,400,과일류,411,사과,05,후지,kg,15,kg,10,개,10,개,10,"04,05","07,08,09"
,400,과일류,411,사과,06,쓰가루,,,kg,10,개,10,개,10,"04,05","07,08,09"
,400,과일류,411,사과,07,홍로,,,kg,10,개,10,,,"04,05",
,400,과일류,412,배,01,신고,kg,15,kg,15,개,10,개,10,"04,05","07,08,09"
,400,과일류,412,배,02,만삼길,kg,15,kg,15,개,10,,,"04,05",
,400,과일류,412,배,03,장십랑,kg,15,kg,15,개,10,,,"04,05",
,400,과일류,412,배,04,원황,kg,15,kg,15,개,10,,,"04,05",
,400,과일류,413,복숭아,01,백도,kg,15,kg,4.5,개,10,,,"04,05",
,400,과일류,413,복숭아,04,창방조생,kg,15,kg,4.5,개,10,,,"04,05",
,400,과일류,413,복숭아,05,유명,kg,15,kg,4.5,개,10,,,"04,05",
,400,과일류,414,포도,01,캠벨얼리,kg,10,kg,5,kg,1,kg,1,"04,05","07,08,09"
,400,과일류,414,포도,02,거봉,kg,4,kg,2,kg,2,,,"04,05",
,400,과일류,414,포도,03,델라웨어,,,kg,6,kg,1,,,"04,05",
,400,과일류,414,포도,06,MBA,kg,5,kg,5,kg,1,,,"04,05",
,400,과일류,414,포도,07,수입,,,kg,8,kg,1,,,"04,05",
,400,과일류,415,감귤,00,감귤,,,kg,10,개,10,개,10,"04,05","07,08,09"
,400,과일류,415,감귤,02,시설,,,kg,5,개,10,개,10,,
,400,과일류,416,단감,00,단감,kg,15,kg,10,개,10,,,"04,05",
,400,과일류,418,바나나,02,수입,,,kg,13,g,100,,,"04,05",
,400,과일류,419,참다래,01,국산,,,kg,10,개,10,,,"04,05",
,400,과일류,419,참다래,02,수입,,,kg,10,개,10,,,"04,05",
,400,과일류,420,파인애플,02,수입,,,kg,12,개,1,,,"04,05",
,400,과일류,421,오렌지,02,수입,,,kg,18,개,10,,,"04,05",
,400,과일류,421,오렌지,03,네이블,,,kg,18,개,10,,,"04,05",
,400,과일류,421,오렌지,04,발렌시아,,,kg,18,개,10,,,"04,05",
,400,과일류,423,자몽,00,수입,,,,,개,10,,,"04,05",
,400,과일류,424,레몬,00,수입,,,kg,17,개,10,,,"04,05",
,400,과일류,425,체리,00,수입,,,kg,5,g,100,,,"04,05",
,400,과일류,426,건포도,00,수입,,,,,g,100,,,05,
,400,과일류,427,건블루베리,00,수입,,,,,g,100,,,05,
,400,과일류,428,망고,00,수입,,,kg,5,개,1,,,"04,05",
,500,축산물,512,쇠고기,11,한우갈비,,,kg,1,g,100,,,"01,03",
,500,축산물,512,쇠고기,12,한우등심,,,kg,1,g,100,,,"01,03",
,500,축산물,512,쇠고기,13,한우불고기,,,kg,1,g,100,,,"01,03",
,500,축산물,512,쇠고기,21,미국산갈비,,,kg,1,g,100,,,"10,11",
,500,축산물,512,쇠고기,22,미국산갈비살,,,kg,1,g,100,,,"10,11",
,500,축산물,512,쇠고기,23,미국산불고기,,,kg,1,g,100,,,"10,11",
,500,축산물,512,쇠고기,31,호주산갈비,,,kg,1,g,100,,,"10,11",
,500,축산물,512,쇠고기,32,호주산등심,,,kg,1,g,100,,,"10,11",
,500,축산물,512,쇠고기,33,호주산불고기,,,kg,1,g,100,,,"10,11",
,500,축산물,514,돼지고기,00,삼겹살(냉장),,,kg,1,g,100,,,05,
,500,축산물,514,돼지고기,01,삼겹살(수입냉동),,,kg,1,g,100,,,05,
,500,축산물,515,닭고기,02,도계,,,kg,1,kg,1,kg,1,05,"07,12"
,500,축산물,516,계란,00,특란,개,10,개,10,개,30,개,30,05,"07,12"
,500,축산물,535,우유,00,우유,,,,,리터,1,,,04,
,600,수산물,611,고등어,01,생선,kg,1,kg,10,마리,1,,,05,
,600,수산물,611,고등어,02,냉동,kg,1,kg,10,마리,1,,,05,
,600,수산물,611,고등어,03,염장,,,,,마리,2,,,05,
,600,수산물,613,갈치,01,생선,kg,1,kg,1,마리,1,,,05,
,600,수산물,613,갈치,02,냉동,kg,1,kg,1,마리,1,,,05,
,600,수산물,615,명태,01,생선,,,kg,20,마리,1,,,05,
,600,수산물,615,명태,02,냉동,,,kg,20,마리,1,,,05,
,600,수산물,619,물오징어,01,생선,kg,1,kg,1,마리,1,,,05,
,600,수산물,619,물오징어,02,냉동,kg,1,kg,1,마리,1,,,05,
,600,수산물,638,건멸치,00,건멸치,kg,3,kg,1.5,g,100,,,05,
,600,수산물,639,북어,01,황태,,,마리,10,,,,,05,
,600,수산물,639,북어,02,먹태,,,마리,10,,,,,05,
,600,수산물,640,건오징어,00,건오징어,,,마리,20,마리,10,,,05,
,600,수산물,641,김,00,김,,,속,1,속,1,,,05,
,600,수산물,642,건미역,00,건미역,,,kg,1,kg,1,,,04,
,600,수산물,644,굴,00,굴,kg,1,kg,1,kg,1,kg,1,04,
,600,수산물,650,새우젓,00,새우젓,,,,,kg,1,,,04,
,600,수산물,651,멸치액젓,00,멸치액젓,,,,,kg,1.2,,,04,
,600,수산물,652,굵은소금,00,굵은소금,,,,,kg,8,,,04,
